TradeID, Symbol, Timeframe, Session, Weekday, Direction, HTFBias, SweepType, FvgSize, ObQuality, DisplacementScore, ConfluenceScore, ATR, Spread, EntryPrice, SLPrice, TPPrice, ExitPrice, RR, RMultiple, DurationBars, MFE, MAE, ReasonClosed
1, XAUUSD, M5, London KZ, Mon, SHORT, Neutral, BSL Sweep, 2.27, 73%, 92%, 75%, 2.7, 0.25, 2317.66, 2322.81, 2297.06, 2297.06, 1:4.0, +4.0R, 42, +4.3R, -0.3R, CLOSED_TP3_FINAL
2, XAUUSD, M5, NY Open, Mon, SHORT, Bearish, BSL Sweep, 1.82, 95%, 80%, 95%, 4.11, 0.25, 2315.1, 2320.88, 2303.54, 2320.88, 1:-1.0, -1.0R, 13, +0.3R, -1.0R, CLOSED_SL
3, XAUUSD, M5, NY Open, Mon, SHORT, Bearish, BSL Sweep, 4.54, 93%, 89%, 95%, 3.73, 0.25, 2333.79, 2340.68, 2306.23, 2306.23, 1:4.0, +4.0R, 44, +4.3R, -0.4R, CLOSED_TP3_FINAL
4, XAUUSD, M5, London KZ, Tue, LONG, Bullish, SSL Sweep, 5.15, 77%, 78%, 95%, 3.37, 0.25, 2317.07, 2307.9, 2349.16, 2349.16, 1:3.5, +3.5R, 12, +3.7R, -0.2R, CLOSED_TP2
5, XAUUSD, M5, London KZ, Tue, LONG, Neutral, SSL Sweep, 3.09, 90%, 92%, 75%, 3.01, 0.25, 2313.93, 2305.09, 2331.61, 2331.61, 1:2.0, +2.0R, 12, +2.4R, -0.2R, CLOSED_TP1
6, XAUUSD, M5, London KZ, Wed, LONG, Bullish, SSL Sweep, 3.63, 93%, 93%, 95%, 3.49, 0.25, 2320.66, 2313.85, 2334.28, 2313.85, 1:-1.0, -1.0R, 39, +0.2R, -1.0R, CLOSED_SL
7, XAUUSD, M5, London KZ, Wed, LONG, Neutral, SSL Sweep, 2.34, 91%, 88%, 75%, 3.87, 0.25, 2313.11, 2305.13, 2341.04, 2341.04, 1:3.5, +3.5R, 8, +4.0R, -0.4R, CLOSED_TP2
8, XAUUSD, M5, London KZ, Wed, SHORT, Bearish, BSL Sweep, 2.96, 79%, 88%, 95%, 2.86, 0.25, 2302.72, 2311.33, 2268.28, 2268.28, 1:4.0, +4.0R, 14, +4.4R, -0.3R, CLOSED_TP3_FINAL
9, XAUUSD, M5, London KZ, Wed, LONG, Neutral, SSL Sweep, 4.39, 87%, 91%, 75%, 4.61, 0.25, 2322.51, 2315.07, 2348.55, 2348.55, 1:3.5, +3.5R, 27, +4.0R, -0.3R, CLOSED_TP2
10, XAUUSD, M5, NY Silver Bullet, Thu, LONG, Neutral, SSL Sweep, 3.45, 72%, 92%, 75%, 4.26, 0.25, 2307.47, 2300.09, 2333.3, 2333.3, 1:3.5, +3.5R, 21, +3.8R, -0.3R, CLOSED_TP2
11, XAUUSD, M5, NY Silver Bullet, Thu, LONG, Bullish, SSL Sweep, 3.16, 91%, 95%, 95%, 3.36, 0.25, 2332.79, 2325.53, 2347.31, 2347.31, 1:2.0, +2.0R, 22, +2.2R, -0.3R, CLOSED_TP1
12, XAUUSD, M5, London KZ, Thu, LONG, Neutral, SSL Sweep, 4.88, 80%, 77%, 75%, 3.68, 0.25, 2314.8, 2307.37, 2344.52, 2344.52, 1:4.0, +4.0R, 38, +4.5R, -0.3R, CLOSED_TP3_FINAL
13, XAUUSD, M5, NY Open, Thu, SHORT, Neutral, BSL Sweep, 2.13, 83%, 86%, 75%, 3.47, 0.25, 2319.55, 2328.2, 2302.25, 2328.2, 1:-1.0, -1.0R, 14, +0.8R, -1.0R, CLOSED_SL
14, XAUUSD, M5, NY Silver Bullet, Fri, LONG, Neutral, SSL Sweep, 2.45, 84%, 79%, 75%, 3.47, 0.25, 2312.17, 2305.92, 2324.67, 2305.92, 1:-1.0, -1.0R, 43, +0.4R, -1.0R, CLOSED_SL
15, XAUUSD, M5, NY Open, Fri, LONG, Bullish, SSL Sweep, 4.95, 77%, 80%, 95%, 3.43, 0.25, 2316.69, 2307.37, 2335.33, 2307.37, 1:-1.0, -1.0R, 8, +0.2R, -1.0R, CLOSED_SL
16, XAUUSD, M5, London KZ, Fri, SHORT, Neutral, BSL Sweep, 4.17, 93%, 92%, 75%, 4.02, 0.25, 2319.29, 2325.24, 2307.39, 2307.39, 1:2.0, +2.0R, 28, +2.3R, -0.3R, CLOSED_TP1
17, XAUUSD, M5, NY Open, Fri, LONG, Neutral, SSL Sweep, 3.53, 75%, 77%, 75%, 3.87, 0.25, 2323.2, 2317.02, 2347.92, 2347.92, 1:4.0, +4.0R, 13, +4.2R, -0.3R, CLOSED_TP3_FINAL
18, XAUUSD, M5, NY Open, Fri, SHORT, Bearish, BSL Sweep, 2.49, 92%, 85%, 95%, 3.05, 0.25, 2314.7, 2323.06, 2285.44, 2285.44, 1:3.5, +3.5R, 8, +4.0R, -0.4R, CLOSED_TP2
19, XAUUSD, M5, Asia KZ, Mon, LONG, Bullish, SSL Sweep, 3.52, 74%, 86%, 85%, 4.53, 0.25, 2329.27, 2322.42, 2356.67, 2356.67, 1:4.0, +4.0R, 41, +4.4R, -0.3R, CLOSED_TP3_FINAL
20, XAUUSD, M5, NY Silver Bullet, Mon, SHORT, Bearish, BSL Sweep, 2.15, 74%, 83%, 95%, 2.77, 0.25, 2304.14, 2311.91, 2273.06, 2273.06, 1:4.0, +4.0R, 24, +4.2R, -0.2R, CLOSED_TP3_FINAL
21, XAUUSD, M5, London KZ, Mon, LONG, Neutral, SSL Sweep, 3.24, 78%, 76%, 75%, 2.51, 0.25, 2324.34, 2316.15, 2357.1, 2357.1, 1:4.0, +4.0R, 43, +4.3R, -0.3R, CLOSED_TP3_FINAL
22, XAUUSD, M5, London KZ, Mon, LONG, Bullish, SSL Sweep, 4.64, 88%, 92%, 95%, 2.84, 0.25, 2303.07, 2296.53, 2316.15, 2296.53, 1:-1.0, -1.0R, 10, +0.7R, -1.0R, CLOSED_SL
23, XAUUSD, M5, London KZ, Mon, LONG, Bullish, SSL Sweep, 3.0, 87%, 88%, 95%, 4.74, 0.25, 2323.78, 2314.15, 2343.04, 2343.04, 1:2.0, +2.0R, 34, +2.5R, -0.3R, CLOSED_TP1
24, XAUUSD, M5, NY Open, Mon, SHORT, Bearish, BSL Sweep, 3.2, 91%, 82%, 95%, 3.11, 0.25, 2323.02, 2328.56, 2311.94, 2328.56, 1:-1.0, -1.0R, 22, +0.7R, -1.0R, CLOSED_SL
25, XAUUSD, M5, Asia KZ, Mon, SHORT, Bearish, BSL Sweep, 4.5, 77%, 82%, 85%, 2.55, 0.25, 2304.1, 2310.74, 2290.82, 2310.74, 1:-1.0, -1.0R, 25, +0.8R, -1.0R, CLOSED_SL
26, XAUUSD, M5, NY Open, Tue, SHORT, Bearish, BSL Sweep, 2.19, 78%, 80%, 95%, 3.84, 0.25, 2327.39, 2332.58, 2309.22, 2309.22, 1:3.5, +3.5R, 40, +3.9R, -0.2R, CLOSED_TP2
27, XAUUSD, M5, NY Silver Bullet, Tue, LONG, Neutral, SSL Sweep, 4.21, 70%, 91%, 75%, 4.63, 0.25, 2312.56, 2303.96, 2329.76, 2312.56, 1:0.0, +0.0R, 12, +1.9R, -0.2R, CLOSED_BE
28, XAUUSD, M5, Asia KZ, Tue, SHORT, Bearish, BSL Sweep, 2.22, 79%, 91%, 85%, 3.21, 0.25, 2310.92, 2317.93, 2296.9, 2296.9, 1:2.0, +2.0R, 32, +2.2R, -0.3R, CLOSED_TP1
29, XAUUSD, M5, Asia KZ, Tue, SHORT, Bearish, BSL Sweep, 4.63, 79%, 84%, 85%, 2.98, 0.25, 2323.29, 2331.32, 2295.18, 2295.18, 1:3.5, +3.5R, 38, +3.8R, -0.2R, CLOSED_TP2
30, XAUUSD, M5, Asia KZ, Tue, LONG, Bullish, SSL Sweep, 2.76, 91%, 95%, 85%, 3.92, 0.25, 2304.09, 2294.33, 2338.25, 2338.25, 1:3.5, +3.5R, 9, +3.7R, -0.2R, CLOSED_TP2
31, XAUUSD, M5, Asia KZ, Tue, LONG, Bullish, SSL Sweep, 4.81, 88%, 81%, 85%, 4.15, 0.25, 2311.02, 2304.02, 2339.02, 2339.02, 1:4.0, +4.0R, 14, +4.1R, -0.3R, CLOSED_TP3_FINAL
32, XAUUSD, M5, London KZ, Tue, SHORT, Neutral, BSL Sweep, 2.65, 73%, 89%, 75%, 2.81, 0.25, 2314.94, 2322.6, 2288.13, 2288.13, 1:3.5, +3.5R, 40, +4.0R, -0.4R, CLOSED_TP2
33, XAUUSD, M5, NY Open, Wed, LONG, Bullish, SSL Sweep, 3.41, 78%, 82%, 95%, 4.43, 0.25, 2309.24, 2300.35, 2327.02, 2327.02, 1:2.0, +2.0R, 26, +2.2R, -0.1R, CLOSED_TP1
34, XAUUSD, M5, London KZ, Wed, LONG, Neutral, SSL Sweep, 2.59, 92%, 79%, 75%, 4.12, 0.25, 2301.9, 2294.86, 2326.54, 2326.54, 1:3.5, +3.5R, 32, +3.6R, -0.3R, CLOSED_TP2
35, XAUUSD, M5, NY Open, Wed, LONG, Bullish, SSL Sweep, 4.4, 82%, 90%, 95%, 2.51, 0.25, 2312.6, 2303.83, 2330.14, 2303.83, 1:-1.0, -1.0R, 34, +0.8R, -1.0R, CLOSED_SL
36, XAUUSD, M5, NY Open, Wed, LONG, Bullish, SSL Sweep, 2.73, 85%, 75%, 95%, 3.39, 0.25, 2322.54, 2313.55, 2340.52, 2322.54, 1:0.0, +0.0R, 42, +2.0R, -0.3R, CLOSED_BE
37, XAUUSD, M5, NY Open, Wed, LONG, Neutral, SSL Sweep, 3.26, 84%, 80%, 75%, 2.62, 0.25, 2311.97, 2305.91, 2333.18, 2333.18, 1:3.5, +3.5R, 34, +3.7R, -0.4R, CLOSED_TP2
38, XAUUSD, M5, London KZ, Wed, LONG, Bullish, SSL Sweep, 1.98, 81%, 82%, 95%, 4.0, 0.25, 2323.17, 2314.91, 2339.69, 2323.17, 1:0.0, +0.0R, 9, +2.1R, -0.1R, CLOSED_BE
39, XAUUSD, M5, London KZ, Wed, SHORT, Bearish, BSL Sweep, 3.72, 76%, 89%, 95%, 4.11, 0.25, 2323.53, 2329.37, 2300.17, 2300.17, 1:4.0, +4.0R, 18, +4.4R, -0.3R, CLOSED_TP3_FINAL
40, XAUUSD, M5, NY Open, Thu, SHORT, Bearish, BSL Sweep, 4.89, 82%, 87%, 95%, 4.67, 0.25, 2308.82, 2316.78, 2292.9, 2316.78, 1:-1.0, -1.0R, 27, +0.3R, -1.0R, CLOSED_SL
41, XAUUSD, M5, NY Open, Thu, LONG, Bullish, SSL Sweep, 3.72, 71%, 86%, 95%, 3.73, 0.25, 2324.54, 2319.2, 2335.22, 2324.54, 1:0.0, +0.0R, 39, +1.2R, -0.2R, CLOSED_BE
42, XAUUSD, M5, Asia KZ, Thu, SHORT, Bearish, BSL Sweep, 3.28, 93%, 91%, 85%, 4.72, 0.25, 2311.27, 2320.31, 2293.19, 2311.27, 1:0.0, +0.0R, 45, +1.7R, -0.2R, CLOSED_BE
43, XAUUSD, M5, NY Silver Bullet, Fri, LONG, Neutral, SSL Sweep, 3.33, 94%, 89%, 75%, 3.81, 0.25, 2322.42, 2315.74, 2345.8, 2345.8, 1:3.5, +3.5R, 24, +3.7R, -0.2R, CLOSED_TP2
44, XAUUSD, M5, NY Silver Bullet, Fri, SHORT, Bearish, BSL Sweep, 3.56, 76%, 77%, 95%, 3.06, 0.25, 2314.1, 2321.88, 2286.87, 2286.87, 1:3.5, +3.5R, 9, +3.9R, -0.2R, CLOSED_TP2
45, XAUUSD, M5, London KZ, Fri, LONG, Bullish, SSL Sweep, 3.78, 85%, 92%, 95%, 3.72, 0.25, 2313.09, 2304.36, 2348.01, 2348.01, 1:4.0, +4.0R, 22, +4.3R, -0.2R, CLOSED_TP3_FINAL
46, XAUUSD, M5, London KZ, Fri, LONG, Bullish, SSL Sweep, 5.03, 92%, 80%, 95%, 2.94, 0.25, 2321.03, 2314.65, 2346.55, 2346.55, 1:4.0, +4.0R, 20, +4.3R, -0.4R, CLOSED_TP3_FINAL
47, XAUUSD, M5, London KZ, Mon, LONG, Bullish, SSL Sweep, 2.23, 71%, 76%, 95%, 3.77, 0.25, 2319.12, 2313.49, 2330.38, 2319.12, 1:0.0, +0.0R, 44, +1.7R, -0.3R, CLOSED_BE
48, XAUUSD, M5, NY Open, Mon, SHORT, Neutral, BSL Sweep, 1.97, 85%, 78%, 75%, 4.39, 0.25, 2309.5, 2314.87, 2298.76, 2309.5, 1:0.0, +0.0R, 44, +1.3R, -0.1R, CLOSED_BE
49, XAUUSD, M5, London KZ, Mon, LONG, Neutral, SSL Sweep, 4.4, 89%, 94%, 75%, 4.32, 0.25, 2306.52, 2298.91, 2333.16, 2333.16, 1:3.5, +3.5R, 35, +3.7R, -0.3R, CLOSED_TP2
50, XAUUSD, M5, NY Open, Mon, LONG, Bullish, SSL Sweep, 2.51, 76%, 83%, 95%, 4.02, 0.25, 2303.84, 2297.97, 2315.58, 2315.58, 1:2.0, +2.0R, 38, +2.3R, -0.3R, CLOSED_TP1
51, XAUUSD, M5, London KZ, Mon, SHORT, Bearish, BSL Sweep, 3.34, 91%, 82%, 95%, 4.62, 0.25, 2322.07, 2330.2, 2305.81, 2305.81, 1:2.0, +2.0R, 17, +2.3R, -0.3R, CLOSED_TP1
52, XAUUSD, M5, London KZ, Tue, LONG, Bullish, SSL Sweep, 3.82, 88%, 84%, 95%, 3.51, 0.25, 2314.59, 2308.07, 2337.41, 2337.41, 1:3.5, +3.5R, 13, +3.8R, -0.2R, CLOSED_TP2
53, XAUUSD, M5, NY Silver Bullet, Tue, SHORT, Bearish, BSL Sweep, 1.89, 77%, 93%, 95%, 3.85, 0.25, 2301.84, 2310.66, 2284.2, 2301.84, 1:0.0, +0.0R, 19, +1.8R, -0.3R, CLOSED_BE
54, XAUUSD, M5, NY Open, Tue, SHORT, Neutral, BSL Sweep, 3.79, 90%, 90%, 75%, 4.73, 0.25, 2315.43, 2322.47, 2301.35, 2301.35, 1:2.0, +2.0R, 39, +2.4R, -0.2R, CLOSED_TP1
55, XAUUSD, M5, Asia KZ, Tue, LONG, Bullish, SSL Sweep, 2.87, 80%, 78%, 85%, 4.73, 0.25, 2312.75, 2305.18, 2327.89, 2305.18, 1:-1.0, -1.0R, 42, +0.6R, -1.0R, CLOSED_SL
56, XAUUSD, M5, London KZ, Wed, SHORT, Bearish, BSL Sweep, 3.49, 84%, 76%, 95%, 2.97, 0.25, 2317.19, 2326.83, 2278.63, 2278.63, 1:4.0, +4.0R, 23, +4.3R, -0.1R, CLOSED_TP3_FINAL
57, XAUUSD, M5, London KZ, Wed, LONG, Bullish, SSL Sweep, 2.12, 73%, 89%, 95%, 4.68, 0.25, 2321.33, 2315.56, 2332.87, 2315.56, 1:-1.0, -1.0R, 25, +0.3R, -1.0R, CLOSED_SL
58, XAUUSD, M5, NY Open, Wed, SHORT, Neutral, BSL Sweep, 3.67, 82%, 81%, 75%, 4.62, 0.25, 2317.02, 2326.42, 2298.22, 2326.42, 1:-1.0, -1.0R, 34, +0.3R, -1.0R, CLOSED_SL
59, XAUUSD, M5, London KZ, Thu, LONG, Neutral, SSL Sweep, 2.82, 88%, 93%, 75%, 4.8, 0.25, 2315.99, 2310.25, 2336.08, 2336.08, 1:3.5, +3.5R, 32, +3.7R, -0.3R, CLOSED_TP2
60, XAUUSD, M5, London KZ, Thu, LONG, Bullish, SSL Sweep, 2.61, 82%, 82%, 95%, 4.47, 0.25, 2313.67, 2307.08, 2336.74, 2336.74, 1:3.5, +3.5R, 17, +3.8R, -0.3R, CLOSED_TP2
61, XAUUSD, M5, London KZ, Thu, SHORT, Bearish, BSL Sweep, 4.77, 84%, 78%, 95%, 3.71, 0.25, 2315.29, 2323.9, 2280.85, 2280.85, 1:4.0, +4.0R, 24, +4.5R, -0.1R, CLOSED_TP3_FINAL
62, XAUUSD, M5, NY Open, Thu, LONG, Bullish, SSL Sweep, 4.7, 87%, 87%, 95%, 4.69, 0.25, 2319.91, 2310.47, 2357.67, 2357.67, 1:4.0, +4.0R, 26, +4.1R, -0.1R, CLOSED_TP3_FINAL
63, XAUUSD, M5, NY Open, Thu, SHORT, Bearish, BSL Sweep, 4.39, 92%, 78%, 95%, 3.52, 0.25, 2324.41, 2333.93, 2305.37, 2305.37, 1:2.0, +2.0R, 17, +2.2R, -0.2R, CLOSED_TP1
64, XAUUSD, M5, NY Open, Thu, LONG, Neutral, SSL Sweep, 2.07, 82%, 94%, 75%, 4.07, 0.25, 2317.62, 2309.7, 2349.3, 2349.3, 1:4.0, +4.0R, 8, +4.2R, -0.2R, CLOSED_TP3_FINAL
65, XAUUSD, M5, NY Open, Thu, SHORT, Bearish, BSL Sweep, 2.34, 84%, 86%, 95%, 4.77, 0.25, 2313.71, 2323.52, 2294.09, 2313.71, 1:0.0, +0.0R, 32, +1.7R, -0.2R, CLOSED_BE
66, XAUUSD, M5, London KZ, Fri, SHORT, Bearish, BSL Sweep, 5.18, 79%, 75%, 95%, 4.75, 0.25, 2326.32, 2332.69, 2300.84, 2300.84, 1:4.0, +4.0R, 39, +4.4R, -0.4R, CLOSED_TP3_FINAL
67, XAUUSD, M5, Asia KZ, Fri, LONG, Bullish, SSL Sweep, 3.0, 90%, 81%, 85%, 3.93, 0.25, 2328.66, 2320.06, 2345.86, 2320.06, 1:-1.0, -1.0R, 14, +0.7R, -1.0R, CLOSED_SL
68, XAUUSD, M5, NY Open, Fri, SHORT, Bearish, BSL Sweep, 1.91, 81%, 79%, 95%, 2.71, 0.25, 2319.24, 2327.98, 2301.76, 2301.76, 1:2.0, +2.0R, 31, +2.4R, -0.4R, CLOSED_TP1
69, XAUUSD, M5, NY Silver Bullet, Mon, SHORT, Bearish, BSL Sweep, 5.01, 95%, 84%, 95%, 4.22, 0.25, 2320.94, 2326.52, 2309.78, 2326.52, 1:-1.0, -1.0R, 22, +0.2R, -1.0R, CLOSED_SL
70, XAUUSD, M5, NY Open, Mon, SHORT, Bearish, BSL Sweep, 4.54, 81%, 77%, 95%, 4.32, 0.25, 2313.07, 2320.75, 2282.35, 2282.35, 1:4.0, +4.0R, 32, +4.4R, -0.2R, CLOSED_TP3_FINAL
71, XAUUSD, M5, Asia KZ, Mon, LONG, Bullish, SSL Sweep, 3.4, 89%, 92%, 85%, 3.25, 0.25, 2332.65, 2324.41, 2349.13, 2332.65, 1:0.0, +0.0R, 34, +1.7R, -0.2R, CLOSED_BE
72, XAUUSD, M5, London KZ, Mon, LONG, Bullish, SSL Sweep, 3.47, 73%, 82%, 95%, 4.54, 0.25, 2316.94, 2309.67, 2346.02, 2346.02, 1:4.0, +4.0R, 45, +4.4R, -0.3R, CLOSED_TP3_FINAL
73, XAUUSD, M5, London KZ, Mon, SHORT, Bearish, BSL Sweep, 4.63, 89%, 88%, 95%, 4.66, 0.25, 2322.61, 2331.06, 2293.04, 2293.04, 1:3.5, +3.5R, 14, +4.0R, -0.4R, CLOSED_TP2
74, XAUUSD, M5, NY Open, Tue, SHORT, Neutral, BSL Sweep, 2.74, 73%, 89%, 75%, 2.71, 0.25, 2322.99, 2331.19, 2306.59, 2331.19, 1:-1.0, -1.0R, 29, +0.1R, -1.0R, CLOSED_SL
75, XAUUSD, M5, London KZ, Tue, LONG, Neutral, SSL Sweep, 4.4, 76%, 93%, 75%, 3.0, 0.25, 2341.82, 2335.18, 2368.38, 2368.38, 1:4.0, +4.0R, 17, +4.1R, -0.4R, CLOSED_TP3_FINAL
76, XAUUSD, M5, NY Open, Tue, LONG, Neutral, SSL Sweep, 4.75, 74%, 75%, 75%, 3.32, 0.25, 2341.82, 2333.88, 2369.61, 2369.61, 1:3.5, +3.5R, 41, +3.6R, -0.3R, CLOSED_TP2
77, XAUUSD, M5, London KZ, Tue, SHORT, Bearish, BSL Sweep, 3.55, 73%, 89%, 95%, 3.66, 0.25, 2345.04, 2350.26, 2334.6, 2345.04, 1:0.0, +0.0R, 37, +2.1R, -0.2R, CLOSED_BE
78, XAUUSD, M5, London KZ, Tue, SHORT, Bearish, BSL Sweep, 3.25, 73%, 90%, 95%, 4.14, 0.25, 2330.88, 2340.38, 2311.88, 2311.88, 1:2.0, +2.0R, 45, +2.1R, -0.2R, CLOSED_TP1
79, XAUUSD, M5, NY Open, Wed, SHORT, Bearish, BSL Sweep, 3.86, 73%, 78%, 95%, 4.46, 0.25, 2337.57, 2346.41, 2319.89, 2337.57, 1:0.0, +0.0R, 22, +1.4R, -0.2R, CLOSED_BE
80, XAUUSD, M5, NY Silver Bullet, Wed, SHORT, Bearish, BSL Sweep, 2.12, 83%, 85%, 95%, 4.03, 0.25, 2329.13, 2334.89, 2317.61, 2334.89, 1:-1.0, -1.0R, 13, +0.1R, -1.0R, CLOSED_SL
81, XAUUSD, M5, London KZ, Wed, SHORT, Bearish, BSL Sweep, 3.69, 88%, 92%, 95%, 3.79, 0.25, 2336.42, 2343.47, 2322.32, 2343.47, 1:-1.0, -1.0R, 35, +0.8R, -1.0R, CLOSED_SL
82, XAUUSD, M5, NY Open, Wed, SHORT, Bearish, BSL Sweep, 3.0, 88%, 91%, 95%, 2.99, 0.25, 2337.93, 2344.05, 2313.45, 2313.45, 1:4.0, +4.0R, 44, +4.2R, -0.3R, CLOSED_TP3_FINAL
83, XAUUSD, M5, NY Open, Wed, LONG, Bullish, SSL Sweep, 4.04, 92%, 83%, 95%, 2.57, 0.25, 2325.45, 2316.64, 2343.07, 2316.64, 1:-1.0, -1.0R, 19, +0.3R, -1.0R, CLOSED_SL
84, XAUUSD, M5, NY Open, Thu, LONG, Neutral, SSL Sweep, 3.95, 70%, 77%, 75%, 4.22, 0.25, 2325.62, 2318.52, 2350.47, 2350.47, 1:3.5, +3.5R, 44, +3.7R, -0.2R, CLOSED_TP2
85, XAUUSD, M5, NY Silver Bullet, Thu, LONG, Neutral, SSL Sweep, 3.9, 91%, 77%, 75%, 3.13, 0.25, 2339.7, 2332.27, 2365.7, 2365.7, 1:3.5, +3.5R, 30, +3.7R, -0.3R, CLOSED_TP2
86, XAUUSD, M5, London KZ, Thu, SHORT, Bearish, BSL Sweep, 2.85, 77%, 87%, 95%, 4.76, 0.25, 2321.42, 2327.44, 2309.38, 2327.44, 1:-1.0, -1.0R, 24, +0.6R, -1.0R, CLOSED_SL
87, XAUUSD, M5, London KZ, Thu, SHORT, Bearish, BSL Sweep, 2.4, 82%, 92%, 95%, 4.12, 0.25, 2334.09, 2343.26, 2315.75, 2334.09, 1:0.0, +0.0R, 10, +1.3R, -0.3R, CLOSED_BE
88, XAUUSD, M5, NY Open, Thu, LONG, Bullish, SSL Sweep, 3.76, 88%, 87%, 95%, 4.13, 0.25, 2331.58, 2326.0, 2351.11, 2351.11, 1:3.5, +3.5R, 37, +3.7R, -0.4R, CLOSED_TP2
89, XAUUSD, M5, Asia KZ, Thu, LONG, Bullish, SSL Sweep, 2.16, 83%, 93%, 85%, 3.42, 0.25, 2323.15, 2313.8, 2341.85, 2313.8, 1:-1.0, -1.0R, 18, +0.3R, -1.0R, CLOSED_SL
90, XAUUSD, M5, NY Open, Thu, LONG, Bullish, SSL Sweep, 2.99, 93%, 95%, 95%, 4.37, 0.25, 2326.22, 2320.49, 2349.14, 2349.14, 1:4.0, +4.0R, 12, +4.2R, -0.3R, CLOSED_TP3_FINAL
91, XAUUSD, M5, NY Open, Fri, SHORT, Bearish, BSL Sweep, 4.8, 90%, 95%, 95%, 4.77, 0.25, 2327.63, 2337.48, 2293.16, 2293.16, 1:3.5, +3.5R, 27, +3.6R, -0.2R, CLOSED_TP2
92, XAUUSD, M5, NY Open, Fri, SHORT, Bearish, BSL Sweep, 2.86, 84%, 76%, 95%, 2.63, 0.25, 2344.47, 2349.85, 2333.71, 2349.85, 1:-1.0, -1.0R, 40, +0.7R, -1.0R, CLOSED_SL
93, XAUUSD, M5, NY Open, Fri, LONG, Bullish, SSL Sweep, 4.55, 90%, 81%, 95%, 3.24, 0.25, 2333.51, 2327.76, 2345.01, 2345.01, 1:2.0, +2.0R, 13, +2.4R, -0.4R, CLOSED_TP1
94, XAUUSD, M5, London KZ, Fri, LONG, Bullish, SSL Sweep, 5.17, 86%, 91%, 95%, 3.9, 0.25, 2330.43, 2320.84, 2363.99, 2363.99, 1:3.5, +3.5R, 29, +3.9R, -0.1R, CLOSED_TP2
95, XAUUSD, M5, London KZ, Fri, SHORT, Neutral, BSL Sweep, 4.26, 91%, 94%, 75%, 4.51, 0.25, 2327.81, 2335.72, 2300.12, 2300.12, 1:3.5, +3.5R, 33, +3.7R, -0.3R, CLOSED_TP2
96, XAUUSD, M5, NY Open, Fri, LONG, Bullish, SSL Sweep, 3.08, 95%, 85%, 95%, 4.37, 0.25, 2336.5, 2327.36, 2354.78, 2336.5, 1:0.0, +0.0R, 35, +1.9R, -0.2R, CLOSED_BE
97, XAUUSD, M5, NY Open, Mon, LONG, Bullish, SSL Sweep, 2.96, 94%, 90%, 95%, 2.94, 0.25, 2346.68, 2340.91, 2358.22, 2358.22, 1:2.0, +2.0R, 41, +2.3R, -0.3R, CLOSED_TP1
98, XAUUSD, M5, London KZ, Mon, LONG, Bullish, SSL Sweep, 2.32, 75%, 94%, 95%, 4.36, 0.25, 2319.82, 2312.63, 2348.58, 2348.58, 1:4.0, +4.0R, 26, +4.4R, -0.4R, CLOSED_TP3_FINAL
99, XAUUSD, M5, NY Silver Bullet, Mon, LONG, Bullish, SSL Sweep, 2.85, 95%, 90%, 95%, 4.58, 0.25, 2322.06, 2313.67, 2351.42, 2351.42, 1:3.5, +3.5R, 32, +3.8R, -0.2R, CLOSED_TP2
100, XAUUSD, M5, Asia KZ, Tue, LONG, Bullish, SSL Sweep, 2.27, 78%, 76%, 85%, 3.97, 0.25, 2342.72, 2334.95, 2373.8, 2373.8, 1:4.0, +4.0R, 18, +4.4R, -0.2R, CLOSED_TP3_FINAL
101, XAUUSD, M5, Asia KZ, Tue, LONG, Bullish, SSL Sweep, 2.11, 77%, 89%, 85%, 4.53, 0.25, 2343.64, 2336.57, 2368.38, 2368.38, 1:3.5, +3.5R, 31, +3.7R, -0.4R, CLOSED_TP2
102, XAUUSD, M5, London KZ, Tue, LONG, Bullish, SSL Sweep, 4.01, 95%, 79%, 95%, 2.82, 0.25, 2323.34, 2314.19, 2341.64, 2341.64, 1:2.0, +2.0R, 8, +2.4R, -0.2R, CLOSED_TP1
103, XAUUSD, M5, London KZ, Tue, LONG, Bullish, SSL Sweep, 3.67, 93%, 94%, 95%, 3.71, 0.25, 2320.15, 2313.71, 2333.03, 2333.03, 1:2.0, +2.0R, 37, +2.2R, -0.3R, CLOSED_TP1
104, XAUUSD, M5, NY Silver Bullet, Tue, SHORT, Bearish, BSL Sweep, 1.86, 86%, 93%, 95%, 3.06, 0.25, 2319.4, 2326.55, 2305.1, 2305.1, 1:2.0, +2.0R, 13, +2.3R, -0.2R, CLOSED_TP1
105, XAUUSD, M5, NY Open, Tue, LONG, Bullish, SSL Sweep, 3.4, 90%, 87%, 95%, 4.76, 0.25, 2323.06, 2317.98, 2333.22, 2323.06, 1:0.0, +0.0R, 14, +1.5R, -0.2R, CLOSED_BE
106, XAUUSD, M5, London KZ, Wed, SHORT, Bearish, BSL Sweep, 4.57, 75%, 89%, 95%, 4.76, 0.25, 2331.28, 2337.19, 2307.64, 2307.64, 1:4.0, +4.0R, 26, +4.4R, -0.2R, CLOSED_TP3_FINAL
107, XAUUSD, M5, NY Silver Bullet, Wed, LONG, Bullish, SSL Sweep, 2.85, 82%, 92%, 95%, 3.59, 0.25, 2316.93, 2308.7, 2333.39, 2333.39, 1:2.0, +2.0R, 15, +2.4R, -0.2R, CLOSED_TP1
108, XAUUSD, M5, NY Open, Wed, SHORT, Bearish, BSL Sweep, 4.84, 82%, 85%, 95%, 4.74, 0.25, 2332.31, 2339.8, 2317.33, 2339.8, 1:-1.0, -1.0R, 13, +0.5R, -1.0R, CLOSED_SL
109, XAUUSD, M5, London KZ, Wed, LONG, Bullish, SSL Sweep, 2.89, 72%, 85%, 95%, 4.02, 0.25, 2327.89, 2319.88, 2359.93, 2359.93, 1:4.0, +4.0R, 30, +4.3R, -0.2R, CLOSED_TP3_FINAL
110, XAUUSD, M5, NY Open, Wed, LONG, Neutral, SSL Sweep, 3.97, 81%, 91%, 75%, 4.34, 0.25, 2339.85, 2330.09, 2378.89, 2378.89, 1:4.0, +4.0R, 16, +4.4R, -0.2R, CLOSED_TP3_FINAL
111, XAUUSD, M5, NY Open, Thu, LONG, Bullish, SSL Sweep, 4.11, 81%, 86%, 95%, 3.52, 0.25, 2320.08, 2314.39, 2339.99, 2339.99, 1:3.5, +3.5R, 15, +3.9R, -0.2R, CLOSED_TP2
112, XAUUSD, M5, London KZ, Thu, SHORT, Bearish, BSL Sweep, 2.2, 94%, 83%, 95%, 4.12, 0.25, 2322.32, 2330.38, 2294.11, 2294.11, 1:3.5, +3.5R, 12, +3.7R, -0.1R, CLOSED_TP2
113, XAUUSD, M5, NY Silver Bullet, Thu, SHORT, Bearish, BSL Sweep, 4.56, 80%, 86%, 95%, 4.13, 0.25, 2332.42, 2338.87, 2319.52, 2319.52, 1:2.0, +2.0R, 19, +2.4R, -0.4R, CLOSED_TP1
114, XAUUSD, M5, NY Open, Thu, LONG, Bullish, SSL Sweep, 4.49, 77%, 90%, 95%, 2.56, 0.25, 2334.11, 2327.27, 2347.79, 2327.27, 1:-1.0, -1.0R, 13, +0.5R, -1.0R, CLOSED_SL
115, XAUUSD, M5, NY Open, Thu, SHORT, Bearish, BSL Sweep, 4.42, 88%, 77%, 95%, 2.79, 0.25, 2325.3, 2330.67, 2303.82, 2303.82, 1:4.0, +4.0R, 43, +4.2R, -0.4R, CLOSED_TP3_FINAL
116, XAUUSD, M5, NY Silver Bullet, Fri, LONG, Bullish, SSL Sweep, 4.9, 71%, 78%, 95%, 3.69, 0.25, 2325.79, 2319.98, 2337.41, 2319.98, 1:-1.0, -1.0R, 41, +0.3R, -1.0R, CLOSED_SL
117, XAUUSD, M5, NY Silver Bullet, Fri, SHORT, Neutral, BSL Sweep, 5.05, 78%, 79%, 75%, 3.94, 0.25, 2337.13, 2342.6, 2326.19, 2337.13, 1:0.0, +0.0R, 18, +1.8R, -0.2R, CLOSED_BE
118, XAUUSD, M5, NY Open, Fri, SHORT, Bearish, BSL Sweep, 3.72, 70%, 77%, 95%, 2.6, 0.25, 2338.9, 2346.78, 2323.14, 2338.9, 1:0.0, +0.0R, 9, +2.0R, -0.2R, CLOSED_BE
119, XAUUSD, M5, NY Open, Fri, SHORT, Bearish, BSL Sweep, 2.83, 77%, 87%, 95%, 3.18, 0.25, 2322.09, 2327.39, 2303.54, 2303.54, 1:3.5, +3.5R, 17, +3.8R, -0.2R, CLOSED_TP2
120, XAUUSD, M5, NY Open, Mon, SHORT, Bearish, BSL Sweep, 2.24, 81%, 91%, 95%, 3.79, 0.25, 2328.88, 2336.21, 2314.22, 2314.22, 1:2.0, +2.0R, 32, +2.2R, -0.1R, CLOSED_TP1
121, XAUUSD, M5, NY Open, Mon, LONG, Bullish, SSL Sweep, 4.97, 93%, 85%, 95%, 2.94, 0.25, 2325.97, 2315.99, 2360.9, 2360.9, 1:3.5, +3.5R, 33, +3.8R, -0.1R, CLOSED_TP2
122, XAUUSD, M5, Asia KZ, Mon, LONG, Bullish, SSL Sweep, 1.97, 79%, 90%, 85%, 3.87, 0.25, 2346.75, 2338.39, 2363.47, 2363.47, 1:2.0, +2.0R, 24, +2.4R, -0.2R, CLOSED_TP1
123, XAUUSD, M5, NY Silver Bullet, Mon, SHORT, Neutral, BSL Sweep, 1.97, 87%, 81%, 75%, 3.33, 0.25, 2331.4, 2338.33, 2303.68, 2303.68, 1:4.0, +4.0R, 15, +4.2R, -0.4R, CLOSED_TP3_FINAL
124, XAUUSD, M5, London KZ, Mon, SHORT, Bearish, BSL Sweep, 2.95, 81%, 79%, 95%, 2.96, 0.25, 2336.59, 2344.09, 2321.59, 2321.59, 1:2.0, +2.0R, 41, +2.4R, -0.3R, CLOSED_TP1
125, XAUUSD, M5, NY Silver Bullet, Tue, LONG, Bullish, SSL Sweep, 3.88, 75%, 87%, 95%, 4.78, 0.25, 2343.56, 2337.06, 2369.56, 2369.56, 1:4.0, +4.0R, 27, +4.3R, -0.3R, CLOSED_TP3_FINAL
126, XAUUSD, M5, London KZ, Tue, SHORT, Bearish, BSL Sweep, 5.13, 88%, 84%, 95%, 4.33, 0.25, 2343.27, 2351.71, 2313.73, 2313.73, 1:3.5, +3.5R, 45, +3.7R, -0.3R, CLOSED_TP2
127, XAUUSD, M5, NY Open, Tue, SHORT, Neutral, BSL Sweep, 3.94, 89%, 87%, 75%, 2.84, 0.25, 2342.54, 2347.7, 2332.22, 2347.7, 1:-1.0, -1.0R, 9, +0.2R, -1.0R, CLOSED_SL
128, XAUUSD, M5, NY Open, Tue, SHORT, Bearish, BSL Sweep, 3.2, 94%, 94%, 95%, 4.62, 0.25, 2348.28, 2356.96, 2330.92, 2330.92, 1:2.0, +2.0R, 38, +2.3R, -0.3R, CLOSED_TP1
129, XAUUSD, M5, London KZ, Tue, LONG, Bullish, SSL Sweep, 3.61, 87%, 86%, 95%, 4.05, 0.25, 2348.49, 2340.09, 2365.29, 2348.49, 1:0.0, +0.0R, 23, +1.5R, -0.2R, CLOSED_BE
130, XAUUSD, M5, London KZ, Tue, SHORT, Bearish, BSL Sweep, 4.2, 92%, 90%, 95%, 3.23, 0.25, 2332.18, 2341.85, 2312.84, 2332.18, 1:0.0, +0.0R, 42, +1.5R, -0.1R, CLOSED_BE
131, XAUUSD, M5, Asia KZ, Tue, SHORT, Bearish, BSL Sweep, 4.54, 79%, 76%, 85%, 3.16, 0.25, 2342.85, 2349.58, 2319.3, 2319.3, 1:3.5, +3.5R, 42, +3.9R, -0.2R, CLOSED_TP2
132, XAUUSD, M5, NY Open, Wed, LONG, Neutral, SSL Sweep, 4.32, 77%, 82%, 75%, 2.62, 0.25, 2347.8, 2341.67, 2360.06, 2360.06, 1:2.0, +2.0R, 14, +2.3R, -0.3R, CLOSED_TP1
133, XAUUSD, M5, London KZ, Wed, LONG, Bullish, SSL Sweep, 4.98, 85%, 90%, 95%, 4.0, 0.25, 2344.39, 2337.95, 2357.27, 2357.27, 1:2.0, +2.0R, 44, +2.5R, -0.1R, CLOSED_TP1
134, XAUUSD, M5, NY Open, Wed, LONG, Bullish, SSL Sweep, 2.4, 75%, 76%, 95%, 4.79, 0.25, 2332.67, 2325.19, 2347.63, 2325.19, 1:-1.0, -1.0R, 26, +0.8R, -1.0R, CLOSED_SL
135, XAUUSD, M5, London KZ, Wed, LONG, Bullish, SSL Sweep, 2.94, 84%, 95%, 95%, 3.75, 0.25, 2337.52, 2327.83, 2356.9, 2337.52, 1:0.0, +0.0R, 15, +1.7R, -0.1R, CLOSED_BE
136, XAUUSD, M5, NY Open, Wed, SHORT, Bearish, BSL Sweep, 1.85, 80%, 84%, 95%, 3.81, 0.25, 2344.91, 2350.79, 2333.15, 2350.79, 1:-1.0, -1.0R, 35, +0.7R, -1.0R, CLOSED_SL
137, XAUUSD, M5, London KZ, Wed, LONG, Neutral, SSL Sweep, 2.28, 80%, 82%, 75%, 2.52, 0.25, 2334.02, 2326.79, 2359.32, 2359.32, 1:3.5, +3.5R, 8, +3.7R, -0.3R, CLOSED_TP2
138, XAUUSD, M5, NY Open, Wed, LONG, Neutral, SSL Sweep, 2.2, 79%, 80%, 75%, 3.43, 0.25, 2336.76, 2327.28, 2355.72, 2327.28, 1:-1.0, -1.0R, 15, +0.3R, -1.0R, CLOSED_SL
139, XAUUSD, M5, NY Open, Thu, LONG, Neutral, SSL Sweep, 2.25, 74%, 89%, 75%, 4.22, 0.25, 2340.73, 2333.65, 2354.89, 2340.73, 1:0.0, +0.0R, 21, +1.7R, -0.2R, CLOSED_BE
140, XAUUSD, M5, NY Open, Thu, LONG, Bullish, SSL Sweep, 3.6, 81%, 77%, 95%, 4.61, 0.25, 2327.36, 2318.22, 2345.64, 2318.22, 1:-1.0, -1.0R, 42, +0.2R, -1.0R, CLOSED_SL
141, XAUUSD, M5, London KZ, Thu, SHORT, Neutral, BSL Sweep, 2.5, 88%, 90%, 75%, 2.71, 0.25, 2337.98, 2347.02, 2301.82, 2301.82, 1:4.0, +4.0R, 43, +4.3R, -0.3R, CLOSED_TP3_FINAL
142, XAUUSD, M5, NY Silver Bullet, Thu, LONG, Bullish, SSL Sweep, 4.58, 93%, 81%, 95%, 3.83, 0.25, 2324.1, 2317.38, 2337.54, 2337.54, 1:2.0, +2.0R, 38, +2.5R, -0.1R, CLOSED_TP1
143, XAUUSD, M5, NY Open, Thu, LONG, Bullish, SSL Sweep, 5.13, 90%, 88%, 95%, 3.36, 0.25, 2347.63, 2340.39, 2362.11, 2340.39, 1:-1.0, -1.0R, 13, +0.4R, -1.0R, CLOSED_SL
144, XAUUSD, M5, London KZ, Fri, SHORT, Neutral, BSL Sweep, 5.18, 82%, 91%, 75%, 2.79, 0.25, 2351.32, 2360.49, 2332.98, 2360.49, 1:-1.0, -1.0R, 37, +0.8R, -1.0R, CLOSED_SL
145, XAUUSD, M5, NY Open, Fri, SHORT, Bearish, BSL Sweep, 2.64, 81%, 79%, 95%, 3.13, 0.25, 2351.11, 2359.74, 2316.59, 2316.59, 1:4.0, +4.0R, 9, +4.3R, -0.3R, CLOSED_TP3_FINAL
146, XAUUSD, M5, London KZ, Fri, LONG, Bullish, SSL Sweep, 4.08, 71%, 82%, 95%, 4.2, 0.25, 2334.14, 2327.97, 2346.48, 2346.48, 1:2.0, +2.0R, 22, +2.2R, -0.4R, CLOSED_TP1
147, XAUUSD, M5, NY Open, Fri, SHORT, Bearish, BSL Sweep, 4.43, 80%, 82%, 95%, 3.19, 0.25, 2328.04, 2336.34, 2298.99, 2298.99, 1:3.5, +3.5R, 45, +3.7R, -0.3R, CLOSED_TP2
148, XAUUSD, M5, Asia KZ, Fri, SHORT, Bearish, BSL Sweep, 1.96, 81%, 95%, 85%, 4.04, 0.25, 2349.28, 2355.87, 2336.1, 2336.1, 1:2.0, +2.0R, 42, +2.2R, -0.2R, CLOSED_TP1
149, XAUUSD, M5, NY Silver Bullet, Fri, SHORT, Bearish, BSL Sweep, 2.29, 84%, 76%, 95%, 3.79, 0.25, 2354.87, 2362.66, 2339.29, 2339.29, 1:2.0, +2.0R, 13, +2.2R, -0.2R, CLOSED_TP1
150, XAUUSD, M5, NY Silver Bullet, Fri, LONG, Bullish, SSL Sweep, 4.62, 71%, 83%, 95%, 3.37, 0.25, 2346.13, 2340.93, 2366.93, 2366.93, 1:4.0, +4.0R, 38, +4.4R, -0.3R, CLOSED_TP3_FINAL
151, XAUUSD, M5, London KZ, Mon, LONG, Neutral, SSL Sweep, 2.45, 93%, 78%, 75%, 4.22, 0.25, 2349.55, 2339.98, 2368.69, 2349.55, 1:0.0, +0.0R, 23, +1.9R, -0.2R, CLOSED_BE
152, XAUUSD, M5, NY Silver Bullet, Mon, SHORT, Bearish, BSL Sweep, 4.01, 79%, 83%, 95%, 3.33, 0.25, 2353.89, 2361.22, 2339.23, 2353.89, 1:0.0, +0.0R, 28, +1.9R, -0.3R, CLOSED_BE
153, XAUUSD, M5, NY Open, Mon, SHORT, Neutral, BSL Sweep, 4.74, 93%, 79%, 75%, 2.54, 0.25, 2346.12, 2354.04, 2330.28, 2354.04, 1:-1.0, -1.0R, 20, +0.3R, -1.0R, CLOSED_SL
154, XAUUSD, M5, NY Open, Mon, LONG, Bullish, SSL Sweep, 4.03, 91%, 85%, 95%, 3.09, 0.25, 2353.66, 2343.83, 2373.32, 2353.66, 1:0.0, +0.0R, 30, +1.7R, -0.1R, CLOSED_BE
155, XAUUSD, M5, NY Open, Mon, SHORT, Neutral, BSL Sweep, 4.82, 90%, 76%, 75%, 3.71, 0.25, 2352.94, 2358.31, 2342.2, 2358.31, 1:-1.0, -1.0R, 8, +0.1R, -1.0R, CLOSED_SL
156, XAUUSD, M5, London KZ, Tue, LONG, Neutral, SSL Sweep, 3.52, 81%, 76%, 75%, 3.92, 0.25, 2347.63, 2339.55, 2375.91, 2375.91, 1:3.5, +3.5R, 34, +3.6R, -0.3R, CLOSED_TP2
157, XAUUSD, M5, NY Open, Tue, SHORT, Bearish, BSL Sweep, 2.77, 86%, 88%, 95%, 4.35, 0.25, 2352.97, 2358.51, 2341.89, 2341.89, 1:2.0, +2.0R, 24, +2.2R, -0.3R, CLOSED_TP1
158, XAUUSD, M5, London KZ, Tue, SHORT, Neutral, BSL Sweep, 5.06, 84%, 93%, 75%, 3.06, 0.25, 2348.26, 2354.76, 2335.26, 2354.76, 1:-1.0, -1.0R, 10, +0.2R, -1.0R, CLOSED_SL
159, XAUUSD, M5, NY Open, Tue, SHORT, Neutral, BSL Sweep, 1.83, 75%, 77%, 75%, 3.65, 0.25, 2338.78, 2347.7, 2320.94, 2338.78, 1:0.0, +0.0R, 41, +2.1R, -0.1R, CLOSED_BE
160, XAUUSD, M5, London KZ, Wed, SHORT, Neutral, BSL Sweep, 4.94, 91%, 83%, 75%, 4.57, 0.25, 2344.81, 2349.97, 2334.49, 2349.97, 1:-1.0, -1.0R, 21, +0.3R, -1.0R, CLOSED_SL
161, XAUUSD, M5, NY Silver Bullet, Wed, SHORT, Bearish, BSL Sweep, 2.82, 88%, 82%, 95%, 3.8, 0.25, 2354.03, 2362.42, 2324.67, 2324.67, 1:3.5, +3.5R, 13, +3.9R, -0.1R, CLOSED_TP2
162, XAUUSD, M5, NY Open, Wed, SHORT, Bearish, BSL Sweep, 2.91, 90%, 83%, 95%, 4.3, 0.25, 2342.32, 2348.46, 2320.83, 2320.83, 1:3.5, +3.5R, 32, +3.8R, -0.3R, CLOSED_TP2
163, XAUUSD, M5, London KZ, Thu, LONG, Bullish, SSL Sweep, 2.08, 74%, 87%, 95%, 4.14, 0.25, 2346.2, 2337.5, 2363.6, 2363.6, 1:2.0, +2.0R, 36, +2.1R, -0.4R, CLOSED_TP1
164, XAUUSD, M5, London KZ, Thu, LONG, Neutral, SSL Sweep, 3.27, 87%, 92%, 75%, 3.68, 0.25, 2329.9, 2324.45, 2351.7, 2351.7, 1:4.0, +4.0R, 32, +4.3R, -0.2R, CLOSED_TP3_FINAL
165, XAUUSD, M5, NY Open, Thu, LONG, Bullish, SSL Sweep, 3.7, 77%, 93%, 95%, 3.7, 0.25, 2345.42, 2339.57, 2365.89, 2365.89, 1:3.5, +3.5R, 35, +3.8R, -0.1R, CLOSED_TP2
166, XAUUSD, M5, London KZ, Thu, LONG, Bullish, SSL Sweep, 5.01, 93%, 95%, 95%, 3.64, 0.25, 2342.6, 2335.31, 2357.18, 2357.18, 1:2.0, +2.0R, 32, +2.5R, -0.2R, CLOSED_TP1
167, XAUUSD, M5, London KZ, Thu, SHORT, Bearish, BSL Sweep, 4.6, 90%, 94%, 95%, 2.81, 0.25, 2335.34, 2345.08, 2301.25, 2301.25, 1:3.5, +3.5R, 28, +3.7R, -0.2R, CLOSED_TP2
168, XAUUSD, M5, NY Open, Thu, SHORT, Bearish, BSL Sweep, 4.46, 80%, 87%, 95%, 3.14, 0.25, 2348.61, 2355.44, 2334.95, 2355.44, 1:-1.0, -1.0R, 42, +0.2R, -1.0R, CLOSED_SL
169, XAUUSD, M5, NY Silver Bullet, Thu, LONG, Bullish, SSL Sweep, 3.37, 92%, 81%, 95%, 3.51, 0.25, 2332.58, 2324.12, 2349.5, 2332.58, 1:0.0, +0.0R, 39, +2.0R, -0.2R, CLOSED_BE
170, XAUUSD, M5, London KZ, Fri, LONG, Bullish, SSL Sweep, 4.48, 72%, 89%, 95%, 4.78, 0.25, 2336.84, 2329.84, 2364.84, 2364.84, 1:4.0, +4.0R, 31, +4.3R, -0.1R, CLOSED_TP3_FINAL
171, XAUUSD, M5, NY Silver Bullet, Fri, LONG, Neutral, SSL Sweep, 2.64, 91%, 86%, 75%, 2.88, 0.25, 2342.0, 2334.18, 2357.64, 2342.0, 1:0.0, +0.0R, 29, +1.8R, -0.3R, CLOSED_BE
172, XAUUSD, M5, NY Open, Fri, LONG, Neutral, SSL Sweep, 2.55, 93%, 91%, 75%, 3.78, 0.25, 2346.6, 2340.49, 2367.99, 2367.99, 1:3.5, +3.5R, 40, +3.9R, -0.3R, CLOSED_TP2
173, XAUUSD, M5, NY Silver Bullet, Fri, LONG, Bullish, SSL Sweep, 2.97, 95%, 81%, 95%, 3.7, 0.25, 2335.1, 2329.61, 2346.08, 2335.1, 1:0.0, +0.0R, 10, +1.7R, -0.1R, CLOSED_BE
174, XAUUSD, M5, London KZ, Mon, SHORT, Bearish, BSL Sweep, 4.1, 75%, 82%, 95%, 3.69, 0.25, 2342.85, 2349.5, 2319.57, 2319.57, 1:3.5, +3.5R, 19, +3.7R, -0.2R, CLOSED_TP2
175, XAUUSD, M5, NY Open, Mon, SHORT, Neutral, BSL Sweep, 3.89, 76%, 89%, 75%, 3.86, 0.25, 2336.8, 2345.32, 2302.72, 2302.72, 1:4.0, +4.0R, 14, +4.4R, -0.1R, CLOSED_TP3_FINAL
176, XAUUSD, M5, NY Open, Mon, SHORT, Bearish, BSL Sweep, 3.36, 78%, 90%, 95%, 3.71, 0.25, 2345.9, 2353.88, 2313.98, 2313.98, 1:4.0, +4.0R, 37, +4.1R, -0.2R, CLOSED_TP3_FINAL
177, XAUUSD, M5, Asia KZ, Tue, LONG, Bullish, SSL Sweep, 2.86, 77%, 84%, 85%, 2.77, 0.25, 2338.71, 2333.0, 2361.55, 2361.55, 1:4.0, +4.0R, 19, +4.2R, -0.2R, CLOSED_TP3_FINAL
178, XAUUSD, M5, NY Open, Tue, LONG, Bullish, SSL Sweep, 3.46, 74%, 80%, 95%, 3.22, 0.25, 2341.23, 2335.96, 2351.77, 2351.77, 1:2.0, +2.0R, 32, +2.3R, -0.2R, CLOSED_TP1
179, XAUUSD, M5, NY Open, Tue, SHORT, Bearish, BSL Sweep, 3.47, 92%, 89%, 95%, 3.62, 0.25, 2332.52, 2337.67, 2322.22, 2332.52, 1:0.0, +0.0R, 42, +1.5R, -0.2R, CLOSED_BE
180, XAUUSD, M5, NY Silver Bullet, Tue, SHORT, Bearish, BSL Sweep, 2.18, 73%, 83%, 95%, 4.28, 0.25, 2354.03, 2360.86, 2340.37, 2354.03, 1:0.0, +0.0R, 42, +1.2R, -0.2R, CLOSED_BE
181, XAUUSD, M5, NY Open, Tue, LONG, Neutral, SSL Sweep, 5.2, 84%, 83%, 75%, 3.3, 0.25, 2352.82, 2345.62, 2367.22, 2345.62, 1:-1.0, -1.0R, 23, +0.6R, -1.0R, CLOSED_SL
182, XAUUSD, M5, NY Open, Wed, SHORT, Neutral, BSL Sweep, 2.27, 76%, 81%, 75%, 4.35, 0.25, 2344.37, 2352.03, 2329.05, 2344.37, 1:0.0, +0.0R, 26, +1.4R, -0.3R, CLOSED_BE
183, XAUUSD, M5, London KZ, Wed, LONG, Neutral, SSL Sweep, 4.35, 83%, 76%, 75%, 4.78, 0.25, 2352.58, 2346.95, 2363.84, 2346.95, 1:-1.0, -1.0R, 28, +0.3R, -1.0R, CLOSED_SL
184, XAUUSD, M5, NY Silver Bullet, Wed, SHORT, Bearish, BSL Sweep, 3.76, 78%, 95%, 95%, 3.45, 0.25, 2341.85, 2350.02, 2325.51, 2350.02, 1:-1.0, -1.0R, 40, +0.2R, -1.0R, CLOSED_SL
185, XAUUSD, M5, NY Open, Wed, SHORT, Bearish, BSL Sweep, 3.46, 88%, 75%, 95%, 4.5, 0.25, 2355.08, 2360.55, 2344.14, 2360.55, 1:-1.0, -1.0R, 30, +0.5R, -1.0R, CLOSED_SL
186, XAUUSD, M5, NY Silver Bullet, Wed, SHORT, Neutral, BSL Sweep, 3.26, 76%, 90%, 75%, 3.12, 0.25, 2356.34, 2363.03, 2329.58, 2329.58, 1:4.0, +4.0R, 11, +4.4R, -0.3R, CLOSED_TP3_FINAL
187, XAUUSD, M5, NY Open, Wed, SHORT, Neutral, BSL Sweep, 4.96, 75%, 89%, 75%, 3.55, 0.25, 2359.45, 2366.59, 2345.17, 2366.59, 1:-1.0, -1.0R, 27, +0.7R, -1.0R, CLOSED_SL
188, XAUUSD, M5, London KZ, Thu, SHORT, Bearish, BSL Sweep, 4.37, 83%, 95%, 95%, 2.71, 0.25, 2331.27, 2337.34, 2306.99, 2306.99, 1:4.0, +4.0R, 8, +4.2R, -0.3R, CLOSED_TP3_FINAL
189, XAUUSD, M5, London KZ, Thu, LONG, Bullish, SSL Sweep, 3.24, 74%, 90%, 95%, 2.66, 0.25, 2337.94, 2329.29, 2368.22, 2368.22, 1:3.5, +3.5R, 32, +3.7R, -0.2R, CLOSED_TP2
190, XAUUSD, M5, NY Silver Bullet, Thu, LONG, Bullish, SSL Sweep, 4.1, 72%, 91%, 95%, 3.8, 0.25, 2346.24, 2340.42, 2357.88, 2357.88, 1:2.0, +2.0R, 34, +2.4R, -0.1R, CLOSED_TP1
191, XAUUSD, M5, NY Open, Thu, LONG, Neutral, SSL Sweep, 2.14, 94%, 78%, 75%, 3.86, 0.25, 2340.23, 2330.41, 2359.87, 2359.87, 1:2.0, +2.0R, 23, +2.2R, -0.3R, CLOSED_TP1
192, XAUUSD, M5, NY Open, Fri, SHORT, Bearish, BSL Sweep, 4.15, 91%, 84%, 95%, 2.97, 0.25, 2347.4, 2353.34, 2323.64, 2323.64, 1:4.0, +4.0R, 23, +4.1R, -0.4R, CLOSED_TP3_FINAL
193, XAUUSD, M5, London KZ, Fri, SHORT, Bearish, BSL Sweep, 2.04, 70%, 86%, 95%, 4.65, 0.25, 2333.38, 2342.68, 2300.83, 2300.83, 1:3.5, +3.5R, 38, +3.8R, -0.2R, CLOSED_TP2
194, XAUUSD, M5, NY Silver Bullet, Fri, LONG, Bullish, SSL Sweep, 1.85, 76%, 76%, 95%, 4.62, 0.25, 2360.18, 2353.19, 2388.14, 2388.14, 1:4.0, +4.0R, 33, +4.3R, -0.2R, CLOSED_TP3_FINAL
195, XAUUSD, M5, NY Open, Fri, LONG, Neutral, SSL Sweep, 2.85, 86%, 81%, 75%, 4.74, 0.25, 2334.75, 2328.12, 2348.01, 2334.75, 1:0.0, +0.0R, 12, +2.0R, -0.2R, CLOSED_BE
196, XAUUSD, M5, NY Open, Fri, LONG, Neutral, SSL Sweep, 2.09, 83%, 78%, 75%, 3.54, 0.25, 2347.75, 2341.2, 2360.85, 2341.2, 1:-1.0, -1.0R, 15, +0.6R, -1.0R, CLOSED_SL
197, XAUUSD, M5, London KZ, Fri, LONG, Neutral, SSL Sweep, 5.04, 86%, 91%, 75%, 4.3, 0.25, 2349.16, 2343.33, 2369.57, 2369.57, 1:3.5, +3.5R, 9, +3.9R, -0.1R, CLOSED_TP2
198, XAUUSD, M5, NY Open, Fri, LONG, Neutral, SSL Sweep, 5.12, 90%, 77%, 75%, 3.64, 0.25, 2342.37, 2337.09, 2352.93, 2337.09, 1:-1.0, -1.0R, 18, +0.2R, -1.0R, CLOSED_SL
199, XAUUSD, M5, NY Silver Bullet, Mon, LONG, Neutral, SSL Sweep, 3.53, 71%, 75%, 75%, 3.06, 0.25, 2340.35, 2333.44, 2354.17, 2354.17, 1:2.0, +2.0R, 34, +2.3R, -0.4R, CLOSED_TP1
200, XAUUSD, M5, London KZ, Mon, SHORT, Neutral, BSL Sweep, 2.06, 81%, 78%, 75%, 3.65, 0.25, 2352.26, 2358.16, 2340.46, 2358.16, 1:-1.0, -1.0R, 33, +0.8R, -1.0R, CLOSED_SL
201, XAUUSD, M5, NY Open, Mon, SHORT, Bearish, BSL Sweep, 2.86, 72%, 92%, 95%, 3.55, 0.25, 2334.58, 2341.04, 2321.66, 2334.58, 1:0.0, +0.0R, 31, +1.9R, -0.1R, CLOSED_BE
202, XAUUSD, M5, Asia KZ, Tue, LONG, Bullish, SSL Sweep, 3.66, 95%, 82%, 85%, 2.85, 0.25, 2352.15, 2347.03, 2362.39, 2352.15, 1:0.0, +0.0R, 8, +1.8R, -0.2R, CLOSED_BE
203, XAUUSD, M5, London KZ, Tue, SHORT, Bearish, BSL Sweep, 4.27, 73%, 81%, 95%, 3.72, 0.25, 2333.6, 2341.06, 2318.68, 2318.68, 1:2.0, +2.0R, 22, +2.4R, -0.1R, CLOSED_TP1
204, XAUUSD, M5, NY Open, Tue, SHORT, Bearish, BSL Sweep, 4.34, 88%, 78%, 95%, 3.66, 0.25, 2347.61, 2354.58, 2333.67, 2333.67, 1:2.0, +2.0R, 23, +2.3R, -0.4R, CLOSED_TP1
205, XAUUSD, M5, NY Silver Bullet, Tue, SHORT, Bearish, BSL Sweep, 4.3, 80%, 89%, 95%, 3.13, 0.25, 2330.05, 2336.06, 2318.03, 2330.05, 1:0.0, +0.0R, 18, +1.8R, -0.1R, CLOSED_BE
206, XAUUSD, M5, London KZ, Tue, LONG, Bullish, SSL Sweep, 5.08, 76%, 89%, 95%, 3.21, 0.25, 2335.78, 2330.18, 2358.18, 2358.18, 1:4.0, +4.0R, 10, +4.2R, -0.3R, CLOSED_TP3_FINAL
207, XAUUSD, M5, NY Silver Bullet, Tue, LONG, Neutral, SSL Sweep, 2.64, 81%, 87%, 75%, 3.68, 0.25, 2347.12, 2340.82, 2359.72, 2340.82, 1:-1.0, -1.0R, 33, +0.1R, -1.0R, CLOSED_SL
208, XAUUSD, M5, NY Open, Wed, LONG, Neutral, SSL Sweep, 2.15, 95%, 79%, 75%, 2.78, 0.25, 2330.5, 2321.6, 2348.3, 2348.3, 1:2.0, +2.0R, 13, +2.4R, -0.2R, CLOSED_TP1
209, XAUUSD, M5, London KZ, Wed, LONG, Neutral, SSL Sweep, 2.02, 90%, 89%, 75%, 4.36, 0.25, 2332.03, 2322.79, 2350.51, 2322.79, 1:-1.0, -1.0R, 37, +0.2R, -1.0R, CLOSED_SL
210, XAUUSD, M5, Asia KZ, Wed, SHORT, Bearish, BSL Sweep, 3.14, 70%, 87%, 85%, 4.07, 0.25, 2332.68, 2338.75, 2311.43, 2311.43, 1:3.5, +3.5R, 23, +3.8R, -0.1R, CLOSED_TP2
211, XAUUSD, M5, NY Open, Wed, SHORT, Neutral, BSL Sweep, 2.75, 74%, 88%, 75%, 2.96, 0.25, 2354.95, 2362.58, 2339.69, 2354.95, 1:0.0, +0.0R, 32, +2.0R, -0.3R, CLOSED_BE
212, XAUUSD, M5, NY Open, Wed, SHORT, Bearish, BSL Sweep, 3.72, 80%, 87%, 95%, 3.12, 0.25, 2330.71, 2338.7, 2302.74, 2302.74, 1:3.5, +3.5R, 41, +3.6R, -0.4R, CLOSED_TP2
213, XAUUSD, M5, NY Open, Wed, LONG, Bullish, SSL Sweep, 2.14, 91%, 82%, 95%, 3.11, 0.25, 2354.02, 2344.43, 2373.2, 2373.2, 1:2.0, +2.0R, 32, +2.3R, -0.4R, CLOSED_TP1
214, XAUUSD, M5, NY Silver Bullet, Wed, LONG, Neutral, SSL Sweep, 3.81, 95%, 86%, 75%, 4.6, 0.25, 2329.98, 2321.48, 2346.98, 2321.48, 1:-1.0, -1.0R, 44, +0.5R, -1.0R, CLOSED_SL
215, XAUUSD, M5, NY Open, Thu, LONG, Bullish, SSL Sweep, 2.11, 77%, 94%, 95%, 3.0, 0.25, 2347.19, 2342.19, 2357.19, 2342.19, 1:-1.0, -1.0R, 16, +0.2R, -1.0R, CLOSED_SL
216, XAUUSD, M5, London KZ, Thu, SHORT, Neutral, BSL Sweep, 2.3, 92%, 79%, 75%, 4.28, 0.25, 2356.33, 2365.63, 2337.73, 2365.63, 1:-1.0, -1.0R, 33, +0.4R, -1.0R, CLOSED_SL
217, XAUUSD, M5, London KZ, Thu, SHORT, Neutral, BSL Sweep, 2.34, 83%, 95%, 75%, 4.71, 0.25, 2351.04, 2356.91, 2339.3, 2356.91, 1:-1.0, -1.0R, 30, +0.6R, -1.0R, CLOSED_SL
218, XAUUSD, M5, NY Open, Thu, LONG, Bullish, SSL Sweep, 4.3, 79%, 79%, 95%, 2.91, 0.25, 2330.63, 2322.12, 2364.67, 2364.67, 1:4.0, +4.0R, 22, +4.1R, -0.3R, CLOSED_TP3_FINAL
219, XAUUSD, M5, London KZ, Thu, SHORT, Neutral, BSL Sweep, 4.33, 77%, 86%, 75%, 4.76, 0.25, 2336.49, 2345.92, 2298.77, 2298.77, 1:4.0, +4.0R, 29, +4.4R, -0.3R, CLOSED_TP3_FINAL
220, XAUUSD, M5, London KZ, Thu, LONG, Bullish, SSL Sweep, 2.99, 95%, 78%, 95%, 4.16, 0.25, 2332.91, 2325.72, 2347.29, 2347.29, 1:2.0, +2.0R, 32, +2.5R, -0.2R, CLOSED_TP1
221, XAUUSD, M5, London KZ, Fri, SHORT, Bearish, BSL Sweep, 3.77, 94%, 82%, 95%, 2.87, 0.25, 2333.25, 2342.48, 2300.95, 2300.95, 1:3.5, +3.5R, 29, +3.7R, -0.1R, CLOSED_TP2
222, XAUUSD, M5, NY Open, Fri, LONG, Bullish, SSL Sweep, 4.85, 72%, 85%, 95%, 3.87, 0.25, 2348.22, 2340.81, 2377.86, 2377.86, 1:4.0, +4.0R, 18, +4.2R, -0.4R, CLOSED_TP3_FINAL
223, XAUUSD, M5, London KZ, Fri, LONG, Bullish, SSL Sweep, 3.68, 93%, 92%, 95%, 3.11, 0.25, 2336.49, 2330.3, 2361.25, 2361.25, 1:4.0, +4.0R, 11, +4.3R, -0.2R, CLOSED_TP3_FINAL
224, XAUUSD, M5, NY Open, Fri, SHORT, Bearish, BSL Sweep, 3.93, 85%, 81%, 95%, 2.72, 0.25, 2333.88, 2342.07, 2317.5, 2342.07, 1:-1.0, -1.0R, 15, +0.4R, -1.0R, CLOSED_SL
225, XAUUSD, M5, NY Open, Fri, SHORT, Bearish, BSL Sweep, 2.7, 90%, 92%, 95%, 3.39, 0.25, 2338.19, 2345.1, 2324.37, 2324.37, 1:2.0, +2.0R, 22, +2.2R, -0.2R, CLOSED_TP1
226, XAUUSD, M5, NY Open, Fri, LONG, Bullish, SSL Sweep, 4.07, 72%, 86%, 95%, 4.36, 0.25, 2341.25, 2332.47, 2358.81, 2358.81, 1:2.0, +2.0R, 34, +2.4R, -0.3R, CLOSED_TP1
227, XAUUSD, M5, NY Open, Mon, LONG, Bullish, SSL Sweep, 2.07, 92%, 76%, 95%, 3.65, 0.25, 2358.19, 2349.19, 2376.19, 2358.19, 1:0.0, +0.0R, 36, +1.8R, -0.1R, CLOSED_BE
228, XAUUSD, M5, Asia KZ, Mon, LONG, Bullish, SSL Sweep, 2.23, 83%, 77%, 85%, 4.77, 0.25, 2343.01, 2333.02, 2362.99, 2343.01, 1:0.0, +0.0R, 12, +2.0R, -0.2R, CLOSED_BE
229, XAUUSD, M5, NY Open, Mon, SHORT, Bearish, BSL Sweep, 3.57, 70%, 94%, 95%, 3.85, 0.25, 2351.79, 2357.35, 2329.55, 2329.55, 1:4.0, +4.0R, 14, +4.3R, -0.3R, CLOSED_TP3_FINAL
230, XAUUSD, M5, NY Open, Mon, LONG, Bullish, SSL Sweep, 4.75, 81%, 88%, 95%, 3.11, 0.25, 2350.15, 2342.29, 2365.87, 2365.87, 1:2.0, +2.0R, 33, +2.2R, -0.1R, CLOSED_TP1
231, XAUUSD, M5, NY Silver Bullet, Mon, SHORT, Bearish, BSL Sweep, 1.97, 85%, 83%, 95%, 4.56, 0.25, 2329.28, 2338.37, 2297.47, 2297.47, 1:3.5, +3.5R, 14, +3.9R, -0.4R, CLOSED_TP2
232, XAUUSD, M5, London KZ, Mon, SHORT, Bearish, BSL Sweep, 3.31, 80%, 83%, 95%, 4.18, 0.25, 2349.2, 2354.65, 2330.12, 2330.12, 1:3.5, +3.5R, 31, +3.9R, -0.3R, CLOSED_TP2
233, XAUUSD, M5, NY Silver Bullet, Tue, LONG, Bullish, SSL Sweep, 3.52, 74%, 91%, 95%, 4.52, 0.25, 2333.62, 2327.66, 2345.54, 2333.62, 1:0.0, +0.0R, 37, +2.0R, -0.1R, CLOSED_BE
234, XAUUSD, M5, NY Open, Tue, LONG, Neutral, SSL Sweep, 4.6, 86%, 87%, 75%, 3.96, 0.25, 2334.69, 2329.54, 2355.29, 2355.29, 1:4.0, +4.0R, 38, +4.3R, -0.4R, CLOSED_TP3_FINAL
235, XAUUSD, M5, London KZ, Tue, LONG, Bullish, SSL Sweep, 2.68, 92%, 77%, 95%, 3.16, 0.25, 2343.21, 2337.4, 2354.83, 2354.83, 1:2.0, +2.0R, 21, +2.4R, -0.3R, CLOSED_TP1
236, XAUUSD, M5, NY Open, Tue, LONG, Bullish, SSL Sweep, 5.09, 91%, 75%, 95%, 3.59, 0.25, 2334.8, 2328.93, 2346.54, 2328.93, 1:-1.0, -1.0R, 27, +0.3R, -1.0R, CLOSED_SL
237, XAUUSD, M5, NY Open, Tue, SHORT, Bearish, BSL Sweep, 3.08, 81%, 89%, 95%, 3.08, 0.25, 2346.04, 2354.43, 2329.26, 2354.43, 1:-1.0, -1.0R, 14, +0.4R, -1.0R, CLOSED_SL
238, XAUUSD, M5, Asia KZ, Tue, SHORT, Bearish, BSL Sweep, 3.82, 79%, 84%, 85%, 4.07, 0.25, 2344.52, 2351.2, 2321.14, 2321.14, 1:3.5, +3.5R, 27, +3.9R, -0.2R, CLOSED_TP2
239, XAUUSD, M5, NY Open, Tue, LONG, Bullish, SSL Sweep, 4.54, 95%, 94%, 95%, 3.43, 0.25, 2338.5, 2332.8, 2358.45, 2358.45, 1:3.5, +3.5R, 34, +4.0R, -0.2R, CLOSED_TP2
240, XAUUSD, M5, NY Open, Wed, LONG, Bullish, SSL Sweep, 4.23, 91%, 92%, 95%, 3.97, 0.25, 2343.01, 2333.31, 2376.96, 2376.96, 1:3.5, +3.5R, 43, +3.9R, -0.4R, CLOSED_TP2
241, XAUUSD, M5, London KZ, Wed, LONG, Bullish, SSL Sweep, 4.27, 87%, 80%, 95%, 4.68, 0.25, 2354.54, 2346.27, 2371.08, 2371.08, 1:2.0, +2.0R, 29, +2.4R, -0.2R, CLOSED_TP1
242, XAUUSD, M5, NY Open, Wed, SHORT, Bearish, BSL Sweep, 3.4, 90%, 93%, 95%, 3.83, 0.25, 2345.84, 2353.2, 2331.12, 2331.12, 1:2.0, +2.0R, 27, +2.4R, -0.2R, CLOSED_TP1
243, XAUUSD, M5, London KZ, Thu, LONG, Bullish, SSL Sweep, 5.16, 84%, 79%, 95%, 3.23, 0.25, 2348.55, 2339.66, 2384.11, 2384.11, 1:4.0, +4.0R, 11, +4.5R, -0.2R, CLOSED_TP3_FINAL
244, XAUUSD, M5, London KZ, Thu, LONG, Bullish, SSL Sweep, 2.34, 95%, 77%, 95%, 2.8, 0.25, 2338.12, 2330.97, 2363.14, 2363.14, 1:3.5, +3.5R, 20, +3.8R, -0.1R, CLOSED_TP2
245, XAUUSD, M5, Asia KZ, Thu, SHORT, Bearish, BSL Sweep, 3.61, 70%, 75%, 85%, 3.94, 0.25, 2333.86, 2342.33, 2316.92, 2316.92, 1:2.0, +2.0R, 27, +2.1R, -0.3R, CLOSED_TP1
246, XAUUSD, M5, NY Silver Bullet, Thu, SHORT, Bearish, BSL Sweep, 3.35, 86%, 94%, 95%, 3.71, 0.25, 2338.15, 2346.58, 2308.64, 2308.64, 1:3.5, +3.5R, 33, +3.7R, -0.2R, CLOSED_TP2
247, XAUUSD, M5, NY Open, Fri, LONG, Neutral, SSL Sweep, 1.87, 86%, 80%, 75%, 2.78, 0.25, 2344.56, 2335.6, 2380.4, 2380.4, 1:4.0, +4.0R, 11, +4.2R, -0.3R, CLOSED_TP3_FINAL
248, XAUUSD, M5, London KZ, Fri, LONG, Bullish, SSL Sweep, 1.87, 92%, 78%, 95%, 3.46, 0.25, 2335.31, 2327.57, 2350.79, 2350.79, 1:2.0, +2.0R, 8, +2.2R, -0.3R, CLOSED_TP1
249, XAUUSD, M5, NY Open, Fri, SHORT, Bearish, BSL Sweep, 4.18, 83%, 78%, 95%, 3.68, 0.25, 2341.79, 2348.2, 2328.97, 2341.79, 1:0.0, +0.0R, 24, +1.7R, -0.2R, CLOSED_BE
250, XAUUSD, M5, Asia KZ, Fri, SHORT, Bearish, BSL Sweep, 2.8, 71%, 92%, 85%, 3.64, 0.25, 2331.23, 2340.9, 2311.89, 2311.89, 1:2.0, +2.0R, 15, +2.1R, -0.1R, CLOSED_TP1